,is_potentially_hazardous_asteroid,estimated_diameter.meters.estimated_diameter_min,estimated_diameter.meters.estimated_diameter_max,close_approach_date,epoch_date_close_approach,orbiting_body,relative_velocity.kilometers_per_second,relative_velocity.kilometers_per_hour,orbit_class_description,id,name,relative_velocity.kilometers_per_minute,proportion_of_max_diameter_to_earth
0,0,483.6764882185,1081.533506775,1995-01-07,1995-01-07 08:33:00,Earth,16.1428635186,58114.3086669449,Near Earth asteroid orbits similar to that of 2062 Aten,2154652,154652 (2004 EP20),968.5718111157482,8.487941506631613e-05
1,1,96.5061469579,215.7943048444,1995-01-07,1995-01-07 15:09:00,Earth,12.3510438151,44463.7577343496,Near Earth asteroid orbits which cross the Earth’s orbit similar to that of 1862 Apollo,3153509,(2003 HM),741.0626289058267,1.69356698198399e-05
2,0,46.1907460282,103.2856480504,1995-01-07,1995-01-07 21:25:00,Earth,22.4786152837,80923.0150213416,Near Earth asteroid orbits similar to that of 2062 Aten,3837644,(2019 AY3),1348.71691702236,8.105921209417674e-06
3,0,22.1082810359,49.435619262,1995-01-07,1995-01-07 02:45:00,Earth,4.9986912098,17995.2883553078,Near Earth asteroid orbits similar to that of 1221 Amor,3843493,(2019 PY),299.9214725884633,3.8797378168262445e-06
4,0,160.1603379786,358.1294030194,1995-01-08,1995-01-08 12:46:00,Earth,7.4650893561,26874.3216818148,An asteroid orbit contained entirely within the orbit of the Eart,3765015,(2016 WR48),447.90536136358,2.810621590169518e-05
5,0,802.7031672829,1794.8988477988,1995-01-08,1995-01-08 10:54:00,Earth,32.1607528615,115778.71030144,Near Earth asteroid orbits which cross the Earth’s orbit similar to that of 1862 Apollo,3824107,(2018 JB3),1929.6451716906668,0.0001408647659550149
6,1,231.5021222103,517.6544821978,1995-01-08,1995-01-08 09:13:00,Earth,7.5907111593,27326.560173582,Near Earth asteroid orbits similar to that of 1221 Amor,2446862,446862 (2001 VB76),455.4426695597,4.062584226948673e-05
7,0,27.8326768072,62.2357573367,1995-01-05,1995-01-05 06:02:00,Earth,5.4474225417,19610.7211502161,Near Earth asteroid orbits similar to that of 1221 Amor,3623683,(2013 AG53),326.8453525036017,4.884300528700361e-06
8,0,483.6764882185,1081.533506775,1995-01-05,1995-01-05 22:31:00,Earth,21.6051988007,77778.7156823659,Near Earth asteroid orbits similar to that of 1221 Amor,3645123,(2013 NX23),1296.3119280394317,8.487941506631613e-05
9,0,192.5550781879,430.566244241,1995-01-05,1995-01-05 03:28:00,Earth,7.6363343327,27490.8035975483,Near Earth asteroid orbits similar to that of 1221 Amor,2416151,416151 (2002 RQ25),458.1800599591383,3.379110377028724e-05
10,0,20.1629919443,45.0858206172,1995-01-05,1995-01-05 14:32:00,Earth,7.7759841602,27993.542976657,Near Earth asteroid orbits which cross the Earth’s orbit similar to that of 1862 Apollo,3550117,(2010 VB),466.55904961095,3.5383629428033272e-06
11,0,291.4439045349,651.6883821679,1995-01-06,1995-01-06 14:26:00,Earth,13.7631523886,49547.3485989409,Near Earth asteroid orbits which cross the Earth’s orbit similar to that of 1862 Apollo,3471692,(2009 UP1),825.7891433156817,5.114490520859363e-05
12,0,35.0392641108,78.3501764334,1995-01-06,1995-01-06 04:51:00,Earth,6.6616654938,23981.9957775161,Near Earth asteroid orbits which cross the Earth’s orbit similar to that of 1862 Apollo,3713272,(2015 EF7),399.6999296252683,6.148970054418458e-06
13,0,1272.1987853936,2844.7229650327,1995-01-06,1995-01-06 04:47:00,Earth,9.6048767738,34577.5563855991,Near Earth asteroid orbits similar to that of 1221 Amor,2137062,137062 (1998 WM),576.2926064266517,0.00022325560861973786
14,0,8.4053340207,18.7948982439,1995-01-06,1995-01-06 00:41:00,Earth,7.0205499158,25273.9796969348,Near Earth asteroid orbits similar to that of 2062 Aten,3893486,(2019 WN2),421.2329949489133,1.4750351784570712e-06
15,1,133.2155666981,297.8790627982,1995-01-03,1995-01-03 01:31:00,Earth,14.2350916869,51246.3300727039,Near Earth asteroid orbits which cross the Earth’s orbit similar to that of 1862 Apollo,3766463,(2017 AY13),854.1055012117317,2.337773212982263e-05
16,1,278.3267680719,622.3575733667,1995-01-03,1995-01-03 08:00:00,Earth,5.2486366908,18895.0920867914,Near Earth asteroid orbits which cross the Earth’s orbit similar to that of 1862 Apollo,3342323,(2006 SF6),314.9182014465233,4.884300528698006e-05
17,1,146.0679642714,326.6178974458,1995-01-03,1995-01-03 03:33:00,Earth,5.2019174692,18726.9028892138,Near Earth asteroid orbits which cross the Earth’s orbit similar to that of 1862 Apollo,2452807,452807 (2006 KV89),312.1150481535633,2.563317355562706e-05
18,1,278.3267680719,622.3575733667,1995-01-03,1995-01-03 18:17:00,Earth,5.2487147466,18895.3730879092,Near Earth asteroid orbits which cross the Earth’s orbit similar to that of 1862 Apollo,2481394,481394 (2006 SF6),314.9228847984867,4.884300528698006e-05
19,0,441.1181999969,986.3702813054,1995-01-04,1995-01-04 18:33:00,Earth,15.4530476495,55630.9715383354,Near Earth asteroid orbits similar to that of 2062 Aten,2308041,308041 (2004 TN),927.1828589722568,7.741094657866897e-05
20,0,291.4439045349,651.6883821679,1995-01-04,1995-01-04 01:52:00,Earth,14.2722708044,51380.1748958573,Near Earth asteroid orbits similar to that of 2062 Aten,3359282,(2006 WN3),856.3362482642883,5.114490520859363e-05
21,0,26.58,59.4346868419,1995-01-04,1995-01-04 04:37:00,Earth,25.3475444872,91251.1601539319,Near Earth asteroid orbits similar to that of 2062 Aten,3485631,(2010 AF40),1520.8526692321982,4.664470792803328e-06
22,0,31.9561886721,71.4562101727,1995-01-04,1995-01-04 15:44:00,Earth,9.81018732,35316.6743519151,Near Earth asteroid orbits similar to that of 2062 Aten,3825569,(2018 NF1),588.6112391985849,5.6079273405038455e-06
23,0,506.4714588346,1132.5046106177,1995-01-04,1995-01-04 12:16:00,Earth,10.1550915818,36558.3296945282,Near Earth asteroid orbits which cross the Earth’s orbit similar to that of 1862 Apollo,2138947,138947 (2001 BA40),609.3054949088033,8.887965865780099e-05
24,0,152.9519353442,342.0109247198,1995-01-04,1995-01-04 13:13:00,Earth,17.398716775,62635.3803901775,Near Earth asteroid orbits similar to that of 2062 Aten,3716433,(2015 HA1),1043.9230065029583,2.684122780723591e-05
25,0,22.1082810359,49.435619262,1995-01-04,1995-01-04 19:00:00,Earth,19.5043542583,70215.675330042,Near Earth asteroid orbits similar to that of 2062 Aten,3766036,(2016 XR23),1170.2612555007,3.8797378168262445e-06
26,0,21.113244479,47.2106498806,1995-01-04,1995-01-04 00:17:00,Earth,5.4829884789,19738.7585239395,Near Earth asteroid orbits which cross the Earth’s orbit similar to that of 1862 Apollo,3843734,(2019 RA),328.979308732325,3.7051208507769583e-06
27,0,63.7609789875,142.5738833281,1995-01-01,1995-01-01 14:03:00,Earth,16.5213860889,59476.989919936,An asteroid orbit contained entirely within the orbit of the Eart,3792437,(2017 XR61),991.2831653322668,1.1189286087592216e-05
28,0,146.0679642714,326.6178974458,1995-01-01,1995-01-01 03:25:00,Earth,18.1139850263,65210.3460948409,An asteroid orbit contained entirely within the orbit of the Eart,3723955,(2015 NK3),1086.8391015806817,2.563317355562706e-05
29,1,116.0259082094,259.4418179074,1995-01-02,1995-01-02 15:12:00,Earth,14.9782587738,53921.7315857621,Near Earth asteroid orbits similar to that of 1221 Amor,3553279,(2010 XB24),898.6955264293683,2.0361153500816194e-05
30,0,14.6067964271,32.6617897446,1995-01-02,1995-01-02 03:28:00,Earth,6.4021620104,23047.7832375179,Near Earth asteroid orbits similar to that of 1221 Amor,3825428,(2018 MA5),384.1297206252983,2.563317355564276e-06
31,0,44.1118199997,98.6370281305,1995-01-02,1995-01-02 19:37:00,Earth,11.5802363188,41688.8507475223,An asteroid orbit contained entirely within the orbit of the Eart,3639467,(2013 LC1),694.8141791253717,7.741094657863757e-06
32,0,5.8150703965,13.0028927004,1995-01-02,1995-01-02 13:00:00,Earth,15.1128684067,54406.326264187,Near Earth asteroid orbits similar to that of 2062 Aten,3703059,(2014 YE15),906.7721044031168,1.0204750196515461e-06
33,0,1.332155667,2.978790628,1995-01-02,1995-01-02 22:41:00,Earth,2.9755350607,10711.9262185554,Near Earth asteroid orbits which cross the Earth’s orbit similar to that of 1862 Apollo,3943319,(2019 YS),178.53210364259,2.3377732129963898e-07
34,0,11.2345317672,25.1211767268,1995-01-02,1995-01-02 03:54:00,Earth,7.1500141326,25740.0508773213,Near Earth asteroid orbits similar to that of 1221 Amor,54016806,(2020 HT7),429.000847955355,1.971525406278449e-06
35,0,8.0270316728,17.948988478,1995-01-09,1995-01-09 04:53:00,Earth,7.6152812259,27415.0124133414,Near Earth asteroid orbits which cross the Earth’s orbit similar to that of 1862 Apollo,3842683,(2019 LO),456.91687355569,1.4086476595510908e-06
36,0,22.1082810359,49.435619262,1995-01-09,1995-01-09 12:02:00,Earth,23.3997220939,84238.9995379446,An asteroid orbit contained entirely within the orbit of the Eart,3366282,(2007 BD),1403.98332563241,3.8797378168262445e-06
37,1,121.4940407996,271.6689340891,1995-01-09,1995-01-09 16:34:00,Earth,11.1607357991,40178.6488767589,Near Earth asteroid orbits which cross the Earth’s orbit similar to that of 1862 Apollo,3544935,(2010 PW58),669.6441479459817,2.1320745101954165e-05
38,0,17.561231848,39.2681081809,1995-01-09,1995-01-09 16:02:00,Earth,5.7808744202,20811.1479127669,An asteroid orbit contained entirely within the orbit of the Eart,3797669,(2018 AW11),346.8524652127817,3.0817852912337154e-06
39,0,16.0160337979,35.8129403019,1995-01-09,1995-01-09 18:00:00,Earth,8.1492924834,29337.4529404107,Near Earth asteroid orbits similar to that of 1221 Amor,3735599,(2015 WA13),488.957549006845,2.810621590166379e-06
40,0,76.6575573531,171.4115092306,1995-01-14,1995-01-14 07:03:00,Earth,11.6500973732,41940.3505436064,Near Earth asteroid orbits similar to that of 1221 Amor,3102756,(2002 AO11),699.00584239344,1.345248071186627e-05
41,0,291.4439045349,651.6883821679,1995-01-14,1995-01-14 01:16:00,Earth,10.1296631155,36466.7872158652,Near Earth asteroid orbits similar to that of 2062 Aten,2434632,434632 (2005 WE),607.7797869310867,5.114490520859363e-05
42,0,26.58,59.4346868419,1995-01-14,1995-01-14 11:51:00,Earth,13.7000461198,49320.1660312508,Near Earth asteroid orbits similar to that of 1221 Amor,3457846,(2009 HG21),822.0027671875134,4.664470792803328e-06
43,0,319.5618867213,714.5621017269,1995-01-15,1995-01-15 23:36:00,Earth,10.8088500572,38911.8602059758,An asteroid orbit contained entirely within the orbit of the Eart,2495323,495323 (2014 JG78),648.53100343293,5.60792734050306e-05
44,1,127.2198785394,284.4722965033,1995-01-15,1995-01-15 02:53:00,Earth,9.8408312207,35426.9923944775,Near Earth asteroid orbits which cross the Earth’s orbit similar to that of 1862 Apollo,2510055,510055 (2010 FH81),590.4498732412917,2.2325560861976142e-05
45,1,127.2198785394,284.4722965033,1995-01-15,1995-01-15 08:00:00,Earth,9.8408316738,35426.9940257225,An asteroid orbit contained entirely within the orbit of the Eart,3514799,(2010 FH81),590.4499004287084,2.2325560861976142e-05
46,0,319.5618867213,714.5621017269,1995-01-15,1995-01-15 08:00:00,Earth,10.8088439585,38911.83825064,Near Earth asteroid orbits similar to that of 2062 Aten,3671135,(2014 JG78),648.5306375106667,5.60792734050306e-05
47,0,8.801465209,19.6806745089,1995-01-15,1995-01-15 09:08:00,Earth,11.1738744976,40225.948191338,Near Earth asteroid orbits which cross the Earth’s orbit similar to that of 1862 Apollo,3092506,(2001 WJ4),670.4324698556334,1.5445514447417989e-06
48,0,35.0392641108,78.3501764334,1995-01-15,1995-01-15 07:27:00,Earth,10.3790222165,37364.4799793748,Near Earth asteroid orbits similar to that of 2062 Aten,3761747,(2016 UO41),622.7413329895801,6.148970054418458e-06
49,0,211.1324447897,472.1064988055,1995-01-15,1995-01-15 15:16:00,Earth,32.1281627776,115661.385999198,An asteroid orbit contained entirely within the orbit of the Eart,3709080,(2015 BV510),1927.6897666533,3.7051208507730336e-05
50,0,88.0146520901,196.8067450894,1995-01-12,1995-01-12 07:05:00,Earth,11.6706583618,42014.3701023385,An asteroid orbit contained entirely within the orbit of the Eart,3485806,(2010 AL60),700.2395017056417,1.544551444744938e-05
51,0,13.9493822934,31.1917670523,1995-01-12,1995-01-12 15:03:00,Earth,9.8910525391,35607.7891408843,An asteroid orbit contained entirely within the orbit of the Eart,3371143,(2007 EO88),593.4631523480716,2.447949070185214e-06
52,1,402.3045798343,899.5803881691,1995-01-12,1995-01-12 18:53:00,Earth,16.2693534256,58569.6723322741,Near Earth asteroid orbits which cross the Earth’s orbit similar to that of 1862 Apollo,2230111,230111 (2001 BE10),976.1612055379017,7.059962236455031e-05
53,0,1010.5434154201,2259.643771094,1995-01-12,1995-01-12 01:44:00,Earth,10.3240519745,37166.5871082511,Near Earth asteroid orbits similar to that of 1221 Amor,2002062,2062 Aten (1976 AA),619.4431184708517,0.00017733823348720765
54,0,8.0270316728,17.948988478,1995-01-12,1995-01-12 10:54:00,Earth,6.4940324303,23378.5167492441,Near Earth asteroid orbits which cross the Earth’s orbit similar to that of 1862 Apollo,3515451,(2010 GV23),389.641945820735,1.4086476595510908e-06
55,0,201.6299194428,450.8582061718,1995-01-12,1995-01-12 06:02:00,Earth,15.7875149268,56835.0537363864,Near Earth asteroid orbits similar to that of 2062 Aten,3766324,(2017 AY3),947.25089560644,3.538362942801758e-05
56,0,84.0533402073,187.9489824394,1995-01-12,1995-01-12 19:22:00,Earth,18.2560546111,65721.7966001058,Near Earth asteroid orbits which cross the Earth’s orbit similar to that of 1862 Apollo,3837932,(2019 AY13),1095.36327666843,1.4750351784602104e-05
57,0,319.5618867213,714.5621017269,1995-01-12,1995-01-12 10:13:00,Earth,12.4614908455,44861.3670436585,Near Earth asteroid orbits similar to that of 2062 Aten,3837973,(2019 BO1),747.6894507276417,5.60792734050306e-05
58,0,766.5755735311,1714.1150923063,1995-01-13,1995-01-13 12:45:00,Earth,10.7348065466,38645.3035676534,Near Earth asteroid orbits which cross the Earth’s orbit similar to that of 1862 Apollo,2152964,152964 (2000 GP82),644.0883927942233,0.00013452480711868625
59,0,23.150212221,51.7654482198,1995-01-13,1995-01-13 14:15:00,Earth,17.1620093391,61783.2336206074,Near Earth asteroid orbits similar to that of 1221 Amor,3263533,(2004 XG29),1029.7205603434568,4.062584226950243e-06
60,0,55.5334911581,124.1766612574,1995-01-13,1995-01-13 15:10:00,Earth,18.7825458444,67617.1650396737,An asteroid orbit contained entirely within the orbit of the Eart,3736819,(2015 YE),1126.9527506612285,9.745460779893266e-06
61,0,231.5021222103,517.6544821978,1995-01-13,1995-01-13 15:29:00,Earth,21.5193423706,77469.6325340826,Near Earth asteroid orbits similar to that of 2062 Aten,3361551,(2006 WR127),1291.16054223471,4.062584226948673e-05
62,0,80.2703167283,179.4898847799,1995-01-13,1995-01-13 01:59:00,Earth,11.5094811181,41434.1320250948,Near Earth asteroid orbits similar to that of 2062 Aten,3704145,(2015 AB246),690.5688670849133,1.408647659550306e-05
63,0,211.1324447897,472.1064988055,1995-01-13,1995-01-13 10:42:00,Earth,12.6021862577,45367.8705278892,An asteroid orbit contained entirely within the orbit of the Eart,3314052,(2006 BO55),756.13117546482,3.7051208507730336e-05
64,0,231.5021222103,517.6544821978,1995-01-13,1995-01-13 15:29:00,Earth,21.5193382684,77469.6177664031,Near Earth asteroid orbits similar to that of 2062 Aten,2526742,526742 (2006 WR127),1291.1602961067183,4.062584226948673e-05
65,1,366.9061375314,820.4270648822,1995-01-10,1995-01-10 01:59:00,Earth,18.9235619734,68124.8231042537,Near Earth asteroid orbits which cross the Earth’s orbit similar to that of 1862 Apollo,3117420,(2002 EY2),1135.413718404228,6.438762085090253e-05
66,0,53.0340723319,118.5877908577,1995-01-10,1995-01-10 09:37:00,Earth,3.7998353604,13679.4072975604,Near Earth asteroid orbits which cross the Earth’s orbit similar to that of 1862 Apollo,3620667,(2012 XP111),227.99012162600667,9.306842792159787e-06
67,0,366.9061375314,820.4270648822,1995-01-10,1995-01-10 09:00:00,Earth,15.8881862568,57197.470524376,Near Earth asteroid orbits which cross the Earth’s orbit similar to that of 1862 Apollo,2163023,163023 (2001 XU1),953.2911754062668,6.438762085090253e-05
68,0,88.0146520901,196.8067450894,1995-01-10,1995-01-10 17:49:00,Earth,24.2888578981,87439.8884332712,Near Earth asteroid orbits similar to that of 1221 Amor,3366004,(2007 AA9),1457.3314738878537,1.544551444744938e-05
69,0,22.1082810359,49.435619262,1995-01-10,1995-01-10 18:20:00,Earth,14.7612903218,53140.6451584192,An asteroid orbit contained entirely within the orbit of the Eart,3429684,(2008 TZ),885.6774193069866,3.8797378168262445e-06
70,1,127.2198785394,284.4722965033,1995-01-10,1995-01-10 01:49:00,Earth,21.9477292873,79011.8254344272,Near Earth asteroid orbits which cross the Earth’s orbit similar to that of 1862 Apollo,3556126,(2011 BM45),1316.8637572404534,2.2325560861976142e-05
71,0,88.0146520901,196.8067450894,1995-01-10,1995-01-10 17:49:00,Earth,24.2888578457,87439.8882443566,An asteroid orbit contained entirely within the orbit of the Eart,2526798,526798 (2007 AA9),1457.3314707392767,1.544551444744938e-05
72,1,265.8,594.3468684194,1995-01-11,1995-01-11 21:36:00,Earth,19.1764208552,69035.1150788215,An asteroid orbit contained entirely within the orbit of the Eart,2452376,452376 (2002 AC5),1150.5852513136915,4.664470792806467e-05
73,0,92.1626548503,206.0819612321,1995-01-11,1995-01-11 22:51:00,Earth,24.9558613049,89841.1006977167,Near Earth asteroid orbits which cross the Earth’s orbit similar to that of 1862 Apollo,3444551,(2009 BC11),1497.3516782952784,1.6173439117257888e-05
74,0,7.6657557353,17.1411509231,1995-01-11,1995-01-11 02:22:00,Earth,10.9692520182,39489.3072655639,Near Earth asteroid orbits similar to that of 2062 Aten,3520662,(2010 JR34),658.1551210927316,1.3452480711897661e-06
75,0,44.1118199997,98.6370281305,1995-01-11,1995-01-11 17:29:00,Earth,22.4420465229,80791.3674822838,Near Earth asteroid orbits which cross the Earth’s orbit similar to that of 1862 Apollo,3703538,(2015 AA44),1346.5227913713966,7.741094657863757e-06
76,0,11.6025908209,25.9441817907,1995-01-11,1995-01-11 07:40:00,Earth,27.9092028908,100473.1304067126,Near Earth asteroid orbits similar to that of 1221 Amor,3740931,(2016 BA15),1674.55217344521,2.0361153500784804e-06
77,0,461.9074602816,1032.8564805039,1995-01-11,1995-01-11 20:09:00,Earth,25.5080689974,91829.0483906022,Near Earth asteroid orbits which cross the Earth’s orbit similar to that of 1862 Apollo,3643994,(2013 LV28),1530.48413984337,8.105921209416889e-05
78,1,305.1792325939,682.4015094011,1995-01-11,1995-01-11 10:29:00,Earth,12.2268409668,44016.6274804832,An asteroid orbit contained entirely within the orbit of the Eart,2250680,250680 (2005 QC5),733.6104580080533,5.355529033127452e-05
79,1,127.2198785394,284.4722965033,1995-01-11,1995-01-11 04:16:00,Earth,7.7685401427,27966.7445137333,An asteroid orbit contained entirely within the orbit of the Eart,3170204,(2003 YS17),466.1124085622217,2.2325560861976142e-05
80,0,121.4940407996,271.6689340891,1995-01-11,1995-01-11 16:14:00,Earth,18.0991616726,65156.9820213503,An asteroid orbit contained entirely within the orbit of the Eart,3401191,(2008 BP16),1085.9497003558383,2.1320745101954165e-05
81,0,19.2555078188,43.0566244241,1995-01-11,1995-01-11 12:22:00,Earth,11.9321657219,42955.7965988119,An asteroid orbit contained entirely within the orbit of the Eart,3655395,(2013 YM2),715.9299433135317,3.379110377028724e-06
82,1,116.0259082094,259.4418179074,1995-01-11,1995-01-11 03:22:00,Earth,14.2571658357,51325.7970085319,Near Earth asteroid orbits similar to that of 1221 Amor,3893736,(2019 WD5),855.4299501421984,2.0361153500816194e-05
83,0,101.054341542,225.9643771094,1995-01-18,1995-01-18 08:12:00,Earth,28.5824222435,102896.7200765568,An asteroid orbit contained entirely within the orbit of the Eart,3837639,(2019 AT3),1714.94533460928,1.7733823348720767e-05
84,0,506.4714588346,1132.5046106177,1995-01-18,1995-01-18 14:42:00,Earth,16.4888463368,59359.8468124886,An asteroid orbit contained entirely within the orbit of the Eart,3753133,(2016 JU24),989.3307802081432,8.887965865780099e-05
85,0,73.2073989347,163.696720474,1995-01-18,1995-01-18 02:30:00,Earth,26.2464317638,94487.1543496955,An asteroid orbit contained entirely within the orbit of the Eart,3837525,(2018 YK2),1574.7859058282584,1.2847019343431171e-05
86,0,127.2198785394,284.4722965033,1995-01-18,1995-01-18 05:14:00,Earth,11.9652284017,43074.8222459735,Near Earth asteroid orbits similar to that of 2062 Aten,3797900,(2018 BJ5),717.9137040995582,2.2325560861976142e-05
87,0,6.3760978988,14.2573883328,1995-01-18,1995-01-18 04:54:00,Earth,16.0531518159,57791.3465371435,Near Earth asteroid orbits similar to that of 1221 Amor,3704767,(2015 BE92),963.1891089523916,1.1189286087584367e-06
88,0,36.6906137531,82.0427064882,1995-01-18,1995-01-18 00:18:00,Earth,15.980210136,57528.7564894243,An asteroid orbit contained entirely within the orbit of the Eart,3797753,(2018 BV1),958.8126081570716,6.438762085088683e-06
89,0,69.9125232246,156.3291544087,1995-01-18,1995-01-18 09:17:00,Earth,8.8286222565,31783.0401233568,An asteroid orbit contained entirely within the orbit of the Eart,3836878,(2018 XP3),529.71733538928,1.2268808225451263e-05
90,0,80.2703167283,179.4898847799,1995-01-18,1995-01-18 10:33:00,Earth,13.299028136,47876.5012897044,An asteroid orbit contained entirely within the orbit of the Eart,3748182,(2016 FJ3),797.94168816174,1.408647659550306e-05
91,1,667.6594134952,1492.931834393,1995-01-19,1995-01-19 21:55:00,Earth,13.6305303871,49069.909393474,Near Earth asteroid orbits which cross the Earth’s orbit similar to that of 1862 Apollo,2443103,443103 (2013 WT67),817.8318232245667,0.00011716620894624076
92,0,121.4940407996,271.6689340891,1995-01-19,1995-01-19 16:36:00,Earth,26.2349697378,94445.8910559763,Near Earth asteroid orbits which cross the Earth’s orbit similar to that of 1862 Apollo,3283218,(2005 MF5),1574.0981842662718,2.1320745101954165e-05
93,0,40.2304579834,89.9580388169,1995-01-16,1995-01-16 14:33:00,Earth,18.6159784305,67017.5223496646,Near Earth asteroid orbits similar to that of 1221 Amor,3625335,(2013 BC70),1116.9587058277434,7.059962236454245e-06
94,1,242.4124811008,542.0507863358,1995-01-16,1995-01-16 06:35:00,Earth,15.9597865749,57455.2316697415,Near Earth asteroid orbits similar to that of 2062 Aten,2002340,2340 Hathor (1976 UA),957.5871944956916,4.254047922899074e-05
95,0,16.8249962697,37.6218353801,1995-01-16,1995-01-16 21:06:00,Earth,9.1421510542,32911.7437951207,An asteroid orbit contained entirely within the orbit of the Eart,54016993,(2020 JG1),548.5290632520117,2.952584788894993e-06
96,0,40.2304579834,89.9580388169,1995-01-17,1995-01-17 02:46:00,Earth,12.9913363165,46768.8107394954,Near Earth asteroid orbits similar to that of 1221 Amor,3102762,(2002 AA29),779.4801789915899,7.059962236454245e-06
97,0,19.2555078188,43.0566244241,1995-01-17,1995-01-17 15:08:00,Earth,17.2344315811,62043.9536918491,Near Earth asteroid orbits similar to that of 1221 Amor,3956448,(2019 YP3),1034.0658948641517,3.379110377028724e-06
98,0,483.6764882185,1081.533506775,1995-01-21,1995-01-21 07:55:00,Earth,14.0998903803,50759.6053691574,Near Earth asteroid orbits similar to that of 1221 Amor,2373579,373579 (2002 AW11),845.99342281929,8.487941506631613e-05
99,0,36.6906137531,82.0427064882,1995-01-21,1995-01-21 02:21:00,Earth,7.532718152,27117.7853473052,Near Earth asteroid orbits similar to that of 1221 Amor,3843085,(2019 NG),451.9630891217533,6.438762085088683e-06
100,0,319.5618867213,714.5621017269,1995-01-22,1995-01-22 07:32:00,Earth,16.8844014801,60783.8453284741,An asteroid orbit contained entirely within the orbit of the Eart,3788091,(2017 UR7),1013.0640888079016,5.60792734050306e-05
101,1,221.0828103591,494.3561926196,1995-01-22,1995-01-22 05:14:00,Earth,11.6741465305,42026.9275099544,Near Earth asteroid orbits similar to that of 1221 Amor,3794988,(2017 YZ1),700.4487918325734,3.8797378168231045e-05
102,0,319.5618867213,714.5621017269,1995-01-22,1995-01-22 15:17:00,Earth,24.4218373587,87918.6144913344,Near Earth asteroid orbits similar to that of 1221 Amor,2153315,153315 (2001 NH6),1465.31024152224,5.60792734050306e-05
103,0,766.5755735311,1714.1150923063,1995-01-22,1995-01-22 13:06:00,Earth,17.3737842613,62545.6233405623,Near Earth asteroid orbits similar to that of 1221 Amor,2162463,162463 (2000 JH5),1042.4270556760382,0.00013452480711868625
104,0,88.0146520901,196.8067450894,1995-01-22,1995-01-22 12:17:00,Earth,22.3739049599,80546.0578557412,Near Earth asteroid orbits similar to that of 2062 Aten,3444370,(2009 BH2),1342.4342975956863,1.544551444744938e-05
105,0,18.388867207,41.1187571041,1995-01-22,1995-01-22 06:33:00,Earth,17.2746114639,62188.6012700346,Near Earth asteroid orbits similar to that of 2062 Aten,3448992,(2009 DD45),1036.47668783391,3.22702535740857e-06
106,0,26.58,59.4346868419,1995-01-22,1995-01-22 14:04:00,Earth,12.1185099373,43626.6357742159,An asteroid orbit contained entirely within the orbit of the Eart,3611400,(2012 UC),727.1105962369317,4.664470792803328e-06
107,0,42.1264610556,94.1976305719,1995-01-20,1995-01-20 09:54:00,Earth,10.4078371003,37468.2135612528,An asteroid orbit contained entirely within the orbit of the Eart,3264189,(2004 YD),624.47022602088,7.392688005956679e-06
108,0,53.0340723319,118.5877908577,1995-01-20,1995-01-20 12:48:00,Earth,15.259069392,54932.6498111989,Near Earth asteroid orbits similar to that of 1221 Amor,3740496,(2016 AG193),915.5441635199816,9.306842792159787e-06
109,0,44.1118199997,98.6370281305,1995-01-20,1995-01-20 12:44:00,Earth,7.5241225943,27086.8413394526,Near Earth asteroid orbits which cross the Earth’s orbit similar to that of 1862 Apollo,3702918,(2014 YC9),451.4473556575433,7.741094657863757e-06
110,0,80.2703167283,179.4898847799,1995-01-29,1995-01-29 04:02:00,Earth,14.8737367384,53545.4522582771,Near Earth asteroid orbits similar to that of 2062 Aten,3092134,(1995 BK2),892.4242043046183,1.408647659550306e-05
111,1,1160.2590820944,2594.4181790745,1995-01-29,1995-01-29 11:20:00,Earth,26.152266264,94148.1585503345,Near Earth asteroid orbits similar to that of 1221 Amor,2103067,103067 (1999 XA143),1569.1359758389085,0.00020361153500820123
112,0,21.113244479,47.2106498806,1995-01-29,1995-01-29 19:16:00,Earth,4.7052001796,16938.7206464335,Near Earth asteroid orbits similar to that of 2062 Aten,3802063,(2018 FV3),282.31201077389164,3.7051208507769583e-06
113,0,11.6025908209,25.9441817907,1995-01-29,1995-01-29 05:15:00,Earth,18.156127252,65362.0581071525,Near Earth asteroid orbits which cross the Earth’s orbit similar to that of 1862 Apollo,3769817,(2017 DU34),1089.3676351192084,2.0361153500784804e-06
114,0,253.8370293645,567.5968528656,1995-01-27,1995-01-27 14:04:00,Earth,14.1607747201,50978.7889925314,An asteroid orbit contained entirely within the orbit of the Eart,2396793,396793 (2004 JN2),849.6464832088567,4.454535024843824e-05
115,1,183.8886720703,411.1875710413,1995-01-27,1995-01-27 02:48:00,Earth,29.4113861383,105880.9900977965,An asteroid orbit contained entirely within the orbit of the Eart,3556968,(2011 CT4),1764.6831682966083,3.227025357410924e-05
116,0,31.9561886721,71.4562101727,1995-01-27,1995-01-27 09:45:00,Earth,9.2549534024,33317.8322487111,Near Earth asteroid orbits similar to that of 1221 Amor,3768617,(2017 CP1),555.297204145185,5.6079273405038455e-06
117,0,12.7219878539,28.4472296503,1995-01-27,1995-01-27 15:41:00,Earth,4.2327906836,15238.0464608016,Near Earth asteroid orbits which cross the Earth’s orbit similar to that of 1862 Apollo,3451792,(2009 FH),253.96744101336,2.2325560861952595e-06
118,0,12.7219878539,28.4472296503,1995-01-27,1995-01-27 23:26:00,Earth,8.5994425119,30957.9930428901,Near Earth asteroid orbits similar to that of 1221 Amor,3831167,(2018 TC),515.966550714835,2.2325560861952595e-06
119,0,2.2108281036,4.9435619262,1995-01-27,1995-01-27 20:51:00,Earth,7.3642513415,26511.3048293448,Near Earth asteroid orbits similar to that of 1221 Amor,3879275,(2019 UU1),441.85508048908,3.8797378168262444e-07
120,0,231.5021222103,517.6544821978,1995-01-28,1995-01-28 17:57:00,Earth,20.74106128,74667.8206079143,Near Earth asteroid orbits similar to that of 2062 Aten,2393569,393569 (2003 JC13),1244.4636767985717,4.062584226948673e-05
121,0,16.0160337979,35.8129403019,1995-01-28,1995-01-28 19:37:00,Earth,3.664721939,13192.9989804473,Near Earth asteroid orbits similar to that of 1221 Amor,3788891,(2017 UA45),219.88331634078835,2.810621590166379e-06
122,0,350.3926411083,783.5017643338,1995-01-28,1995-01-28 07:14:00,Earth,15.9660121288,57477.6436636246,Near Earth asteroid orbits similar to that of 1221 Amor,3763424,(2016 VG2),957.9607277270768,6.148970054416889e-05
123,0,2914.4390453486,6516.883821679,1995-01-25,1995-01-25 22:34:00,Earth,8.6774492303,31238.8172290412,Near Earth asteroid orbits similar to that of 1221 Amor,2005751,5751 Zao (1992 AC),520.6469538173534,0.0005114490520859363
124,0,92.1626548503,206.0819612321,1995-01-25,1995-01-25 07:46:00,Earth,6.3517771942,22866.3978992155,Near Earth asteroid orbits which cross the Earth’s orbit similar to that of 1862 Apollo,3689345,(2014 SW141),381.1066316535917,1.6173439117257888e-05
125,1,211.1324447897,472.1064988055,1995-01-25,1995-01-25 07:48:00,Earth,17.8355471184,64207.9696261723,Near Earth asteroid orbits similar to that of 2062 Aten,3797849,(2018 BY2),1070.1328271028715,3.7051208507730336e-05
126,1,667.6594134952,1492.931834393,1995-01-25,1995-01-25 12:14:00,Earth,17.2838534152,62221.8722947351,Near Earth asteroid orbits similar to that of 1221 Amor,3724644,(2015 OL35),1037.0312049122515,0.00011716620894624076
127,0,96.5061469579,215.7943048444,1995-01-25,1995-01-25 16:01:00,Earth,19.4399963922,69983.9870118239,Near Earth asteroid orbits which cross the Earth’s orbit similar to that of 1862 Apollo,3837955,(2019 BA1),1166.3997835303985,1.69356698198399e-05
128,0,121.4940407996,271.6689340891,1995-01-25,1995-01-25 18:52:00,Earth,26.0391297057,93740.866940381,An asteroid orbit contained entirely within the orbit of the Eart,3365921,(2007 AM),1562.3477823396834,2.1320745101954165e-05
129,0,80.2703167283,179.4898847799,1995-01-25,1995-01-25 14:50:00,Earth,18.068443554,65046.3967943636,Near Earth asteroid orbits which cross the Earth’s orbit similar to that of 1862 Apollo,3703539,(2015 AB44),1084.1066132393933,1.408647659550306e-05
130,0,27.8326768072,62.2357573367,1995-01-25,1995-01-25 02:57:00,Earth,12.9327582532,46557.9297115466,Near Earth asteroid orbits similar to that of 1221 Amor,3715092,(2015 FW284),775.9654951924434,4.884300528700361e-06
131,0,15.2951935344,34.201092472,1995-01-25,1995-01-25 12:26:00,Earth,6.4970772547,23389.4781170659,Near Earth asteroid orbits similar to that of 1221 Amor,3827172,(2018 RC1),389.8246352844317,2.6841227807251605e-06
132,1,211.1324447897,472.1064988055,1995-01-26,1995-01-26 20:40:00,Earth,18.5649767737,66833.9163852563,Near Earth asteroid orbits which cross the Earth’s orbit similar to that of 1862 Apollo,2496816,496816 (1989 UP),1113.8986064209384,3.7051208507730336e-05
133,1,183.8886720703,411.1875710413,1995-01-26,1995-01-26 08:00:00,Earth,18.5649764223,66833.9151204118,Near Earth asteroid orbits similar to that of 2062 Aten,3001825,(1989 UP),1113.8985853401966,3.227025357410924e-05
134,1,278.3267680719,622.3575733667,1995-01-26,1995-01-26 08:00:00,Earth,36.9271608962,132937.7792264395,Near Earth asteroid orbits similar to that of 1221 Amor,3019640,(1999 JE1),2215.629653773992,4.884300528698006e-05
135,0,73.2073989347,163.696720474,1995-01-26,1995-01-26 08:35:00,Earth,10.3152870051,37135.0332183913,An asteroid orbit contained entirely within the orbit of the Eart,3555677,(2011 BX11),618.9172203065216,1.2847019343431171e-05
136,1,221.0828103591,494.3561926196,1995-01-26,1995-01-26 07:08:00,Earth,28.9116973021,104082.1102876284,Near Earth asteroid orbits similar to that of 2062 Aten,3591721,(2011 YH28),1734.70183812714,3.8797378168231045e-05
137,0,96.5061469579,215.7943048444,1995-01-26,1995-01-26 13:13:00,Earth,12.4523583777,44828.490159598,Near Earth asteroid orbits which cross the Earth’s orbit similar to that of 1862 Apollo,3727630,(2015 RE83),747.1415026599666,1.69356698198399e-05
138,1,183.8886720703,411.1875710413,1995-01-26,1995-01-26 07:49:00,Earth,7.1673309964,25802.3915869233,Near Earth asteroid orbits which cross the Earth’s orbit similar to that of 1862 Apollo,2162922,162922 (2001 OY13),430.039859782055,3.227025357410924e-05
139,1,291.4439045349,651.6883821679,1995-01-26,1995-01-26 09:25:00,Earth,36.9271610612,132937.7798204377,Near Earth asteroid orbits similar to that of 1221 Amor,2508774,508774 (1999 JE1),2215.6296636739617,5.114490520859363e-05
140,0,127.2198785394,284.4722965033,1995-01-26,1995-01-26 13:44:00,Earth,16.1281080333,58061.1889197817,Near Earth asteroid orbits similar to that of 2062 Aten,3742340,(2016 CJ136),967.6864819963616,2.2325560861976142e-05
141,0,175.6123184804,392.6810818086,1995-01-26,1995-01-26 16:31:00,Earth,34.1722014834,123019.925340191,Near Earth asteroid orbits similar to that of 1221 Amor,3759745,(2016 SN2),2050.3320890031832,3.0817852912305764e-05
142,1,167.7084621628,375.0075217981,1995-01-23,1995-01-23 23:34:00,Earth,17.4160515605,62697.7856179688,An asteroid orbit contained entirely within the orbit of the Eart,3638237,(2013 JN7),1044.9630936328133,2.943082104835191e-05
143,1,291.4439045349,651.6883821679,1995-01-23,1995-01-23 14:46:00,Earth,15.4442462523,55599.2865082174,Near Earth asteroid orbits similar to that of 1221 Amor,3726014,(2015 PR228),926.6547751369568,5.114490520859363e-05
144,0,732.0739893473,1636.96720474,1995-01-23,1995-01-23 16:07:00,Earth,13.4515927281,48425.7338209944,Near Earth asteroid orbits similar to that of 1221 Amor,2340666,340666 (2006 RO36),807.09556368324,0.00012847019343431172
145,0,1394.9382293439,3119.1767052261,1995-01-23,1995-01-23 12:39:00,Earth,18.3184771336,65946.5176808448,Near Earth asteroid orbits similar to that of 1221 Amor,2418265,418265 (2008 EA32),1099.10862801408,0.0002447949070182153
146,0,253.8370293645,567.5968528656,1995-01-23,1995-01-23 11:52:00,Earth,10.2254751657,36811.7105963641,Near Earth asteroid orbits which cross the Earth’s orbit similar to that of 1862 Apollo,3378868,(2007 ML13),613.5285099394017,4.454535024843824e-05
147,0,84.0146411251,187.862448661,1995-01-23,1995-01-23 03:55:00,Earth,26.7410738185,96267.8657464297,Near Earth asteroid orbits similar to that of 1221 Amor,3989181,(2020 BA8),1604.4644291071615,1.4743560560430072e-05
148,0,66.7659413495,149.2931834393,1995-01-24,1995-01-24 15:42:00,Earth,10.1853480584,36667.2530102342,Near Earth asteroid orbits similar to that of 2062 Aten,3092136,(1995 DV1),611.1208835039033,1.1716620894624078e-05
149,0,183.8886720703,411.1875710413,1995-01-24,1995-01-24 07:49:00,Earth,4.5464176773,16367.1036381088,Near Earth asteroid orbits similar to that of 1221 Amor,3837908,(2019 AN13),272.78506063514664,3.227025357410924e-05
150,1,319.5618867213,714.5621017269,1995-01-24,1995-01-24 08:00:00,Earth,29.0975746576,104751.2687672923,An asteroid orbit contained entirely within the orbit of the Eart,3520755,(2010 JU39),1745.8544794548718,5.60792734050306e-05
151,1,305.1792325939,682.4015094011,1995-01-24,1995-01-24 17:53:00,Earth,29.0975653046,104751.2350965809,Near Earth asteroid orbits similar to that of 1221 Amor,2494999,494999 (2010 JU39),1745.8539182763484,5.355529033127452e-05
152,0,6.0891262211,13.6157001539,1995-01-24,1995-01-24 13:27:00,Earth,6.9725764248,25101.2751293536,Near Earth asteroid orbits which cross the Earth’s orbit similar to that of 1862 Apollo,3759724,(2016 SA2),418.3545854892266,1.068568525655313e-06
153,0,9.6506146958,21.5794304844,1995-01-24,1995-01-24 06:11:00,Earth,20.4060831379,73461.8992964429,Near Earth asteroid orbits similar to that of 2062 Aten,3767264,(2017 BS32),1224.3649882740483,1.6935669819808508e-06
154,0,33.4622374455,74.8238376074,1995-01-24,1995-01-24 12:33:00,Earth,19.6716930299,70818.0949077268,An asteroid orbit contained entirely within the orbit of the Eart,3484929,(2010 AJ3),1180.3015817954467,5.87222081363993e-06
155,1,160.1603379786,358.1294030194,1995-01-24,1995-01-24 21:15:00,Earth,23.8683562881,85926.0826372644,Near Earth asteroid orbits which cross the Earth’s orbit similar to that of 1862 Apollo,3365986,(2007 AV2),1432.10137728774,2.810621590169518e-05
156,0,44.1118199997,98.6370281305,1995-02-04,1995-02-04 09:06:00,Earth,13.3177213241,47943.7967668918,Near Earth asteroid orbits similar to that of 1221 Amor,3405174,(2008 ED8),799.0632794481967,7.741094657863757e-06
157,0,60.8912622106,136.1570015386,1995-02-04,1995-02-04 00:37:00,Earth,9.3593034274,33693.4923385536,Near Earth asteroid orbits which cross the Earth’s orbit similar to that of 1862 Apollo,3792431,(2017 XT61),561.55820564256,1.0685685256521742e-05
158,0,253.8370293645,567.5968528656,1995-02-05,1995-02-05 10:31:00,Earth,11.657770373,41967.973342669,An asteroid orbit contained entirely within the orbit of the Eart,3511508,(2010 CW180),699.4662223778166,4.454535024843824e-05
159,0,461.9074602816,1032.8564805039,1995-02-05,1995-02-05 18:17:00,Earth,15.8578599967,57088.2959882395,Near Earth asteroid orbits similar to that of 2062 Aten,3781883,(2017 SN14),951.4715998039916,8.105921209416889e-05
160,0,305.1792325939,682.4015094011,1995-02-05,1995-02-05 12:05:00,Earth,6.0784978136,21882.5921288516,An asteroid orbit contained entirely within the orbit of the Eart,2403039,403039 (2008 AE),364.7098688141933,5.355529033127452e-05
161,0,201.6299194428,450.8582061718,1995-02-05,1995-02-05 15:28:00,Earth,18.8874457375,67994.8046550187,Near Earth asteroid orbits similar to that of 2062 Aten,2417210,417210 (2005 XV77),1133.2467442503116,3.538362942801758e-05
162,0,63.7609789875,142.5738833281,1995-02-05,1995-02-05 12:55:00,Earth,21.7872877584,78434.2359302324,Near Earth asteroid orbits which cross the Earth’s orbit similar to that of 1862 Apollo,3309092,(2005 YR3),1307.2372655038737,1.1189286087592216e-05
163,0,69.9125232246,156.3291544087,1995-02-05,1995-02-05 02:52:00,Earth,17.3712451557,62536.4825605686,Near Earth asteroid orbits similar to that of 2062 Aten,3428255,(2008 SD85),1042.27470934281,1.2268808225451263e-05
164,0,11.0803882126,24.7765012606,1995-02-02,1995-02-02 02:23:00,Earth,13.4842097626,48543.1551454144,Near Earth asteroid orbits similar to that of 1221 Amor,3660383,(2014 CE),809.0525857569066,1.9444750636163868e-06
165,0,21.113244479,47.2106498806,1995-02-02,1995-02-02 11:20:00,Earth,24.8346391163,89404.7008187466,Near Earth asteroid orbits similar to that of 2062 Aten,3092135,(1995 CS),1490.07834697911,3.7051208507769583e-06
166,0,66.7659413495,149.2931834393,1995-02-02,1995-02-02 14:24:00,Earth,8.3904973465,30205.7904472893,An asteroid orbit contained entirely within the orbit of the Eart,3437805,(2008 VR4),503.429840788155,1.1716620894624078e-05
167,1,133.2155666981,297.8790627982,1995-02-02,1995-02-02 23:49:00,Earth,14.6181287101,52625.2633562682,Near Earth asteroid orbits similar to that of 1221 Amor,3730580,(2015 TY237),877.0877226044701,2.337773212982263e-05
168,0,31.9561886721,71.4562101727,1995-02-03,1995-02-03 18:26:00,Earth,6.7460042913,24285.6154486303,An asteroid orbit contained entirely within the orbit of the Eart,3703542,(2015 AE44),404.7602574771717,5.6079273405038455e-06
169,0,35.0392641108,78.3501764334,1995-02-03,1995-02-03 09:21:00,Earth,6.6223534637,23840.472469422,Near Earth asteroid orbits similar to that of 1221 Amor,3780765,(2017 QB2),397.3412078237,6.148970054418458e-06
170,0,7.3207398935,16.3696720474,1995-02-03,1995-02-03 07:52:00,Earth,25.7737656571,92785.5563657094,Near Earth asteroid orbits similar to that of 1221 Amor,3708364,(2015 BP509),1546.42593942849,1.2847019343431174e-06
171,0,127.2198785394,284.4722965033,1995-02-03,1995-02-03 06:12:00,Earth,17.0563194182,61402.7499056338,An asteroid orbit contained entirely within the orbit of the Eart,3843842,(2019 RL3),1023.3791650938966,2.2325560861976142e-05
172,1,192.5550781879,430.566244241,1995-02-01,1995-02-01 00:09:00,Earth,40.5274283635,145898.7421084301,Near Earth asteroid orbits similar to that of 1221 Amor,2455176,455176 (1999 VF22),2431.6457018071683,3.379110377028724e-05
173,0,17.561231848,39.2681081809,1995-02-01,1995-02-01 17:06:00,Earth,18.6971068429,67309.5846344717,Near Earth asteroid orbits similar to that of 2062 Aten,3472700,(2009 UZ87),1121.8264105745284,3.0817852912337154e-06
174,1,192.5550781879,430.566244241,1995-02-01,1995-02-01 22:56:00,Earth,35.0340043592,126122.4156930422,Near Earth asteroid orbits similar to that of 2062 Aten,3767325,(2017 BK92),2102.0402615507032,3.379110377028724e-05
175,0,8.801465209,19.6806745089,1995-02-01,1995-02-01 14:41:00,Earth,16.5295257061,59506.2925419208,Near Earth asteroid orbits similar to that of 2062 Aten,3840753,(2019 FY2),991.7715423653466,1.5445514447417989e-06
176,0,31.9561886721,71.4562101727,1995-02-01,1995-02-01 08:18:00,Earth,9.3495624665,33658.4248794278,Near Earth asteroid orbits which cross the Earth’s orbit similar to that of 1862 Apollo,3825584,(2018 NR1),560.9737479904634,5.6079273405038455e-06
177,0,127.2198785394,284.4722965033,1995-02-01,1995-02-01 21:07:00,Earth,7.7078305278,27748.1899001228,Near Earth asteroid orbits which cross the Earth’s orbit similar to that of 1862 Apollo,3780805,(2017 QN16),462.46983166871337,2.2325560861976142e-05
178,0,350.3926411083,783.5017643338,1995-01-30,1995-01-30 02:20:00,Earth,15.7296446272,56626.7206579171,Near Earth asteroid orbits which cross the Earth’s orbit similar to that of 1862 Apollo,2387648,387648 (2002 RT25),943.7786776319516,6.148970054416889e-05
179,0,63.7609789875,142.5738833281,1995-01-30,1995-01-30 14:57:00,Earth,15.9653601056,57475.2963802219,An asteroid orbit contained entirely within the orbit of the Eart,3797908,(2018 BK5),957.9216063370316,1.1189286087592216e-05
180,0,18.388867207,41.1187571041,1995-01-30,1995-01-30 21:09:00,Earth,5.2075876342,18747.3154832336,An asteroid orbit contained entirely within the orbit of the Eart,3775044,(2017 KP27),312.4552580538933,3.22702535740857e-06
181,1,175.6123184804,392.6810818086,1995-01-31,1995-01-31 08:00:00,Earth,6.4129404844,23086.5857437658,Near Earth asteroid orbits which cross the Earth’s orbit similar to that of 1862 Apollo,3170203,(2003 YX1),384.7764290627634,3.0817852912305764e-05
182,0,27.8326768072,62.2357573367,1995-01-31,1995-01-31 01:33:00,Earth,9.923215131,35723.5744716026,Near Earth asteroid orbits which cross the Earth’s orbit similar to that of 1862 Apollo,3368734,(2007 DH8),595.3929078600434,4.884300528700361e-06
183,0,10.5816885933,23.6613750114,1995-01-31,1995-01-31 16:12:00,Earth,16.4781785233,59321.4426840186,Near Earth asteroid orbits similar to that of 1221 Amor,3752779,(2016 JZ5),988.69071140031,1.8569592694553445e-06
184,1,175.6123184804,392.6810818086,1995-01-31,1995-01-31 23:05:00,Earth,6.4129404807,23086.5857304812,Near Earth asteroid orbits similar to that of 2062 Aten,2508908,508908 (2003 YX1),384.7764288413534,3.0817852912305764e-05
185,0,30.5179232594,68.2401509401,1995-01-31,1995-01-31 12:08:00,Earth,4.2343745681,15243.7484451027,Near Earth asteroid orbits which cross the Earth’s orbit similar to that of 1862 Apollo,3278402,(2005 KA),254.06247408504495,5.355529033126667e-06
186,0,44.1118199997,98.6370281305,1995-01-31,1995-01-31 12:52:00,Earth,3.7577068852,13527.7447866089,An asteroid orbit contained entirely within the orbit of the Eart,3323934,(2006 DX),225.46241311014836,7.741094657863757e-06
187,0,122.787731711,274.5617149089,1995-01-31,1995-01-31 15:19:00,Earth,22.4430609927,80795.0195737844,Near Earth asteroid orbits similar to that of 1221 Amor,3989251,(2020 BA11),1346.5836595630733,2.1547772320585468e-05
188,0,76.410840459,170.8598334843,1995-01-31,1995-01-31 16:13:00,Earth,13.9867238342,50352.2058030358,Near Earth asteroid orbits similar to that of 1221 Amor,3989211,(2020 BL9),839.2034300505967,1.3409184859857167e-05
189,0,461.9074602816,1032.8564805039,1995-02-08,1995-02-08 12:55:00,Earth,39.6053279147,142579.1804929074,Near Earth asteroid orbits similar to that of 2062 Aten,3446396,(2009 CT5),2376.3196748817904,8.105921209416889e-05
190,0,24.2412481101,54.2050786336,1995-02-08,1995-02-08 20:23:00,Earth,25.2112885871,90760.6389134336,Near Earth asteroid orbits similar to that of 2062 Aten,3764806,(2016 WU7),1512.6773152238934,4.254047922900644e-06
191,0,201.6299194428,450.8582061718,1995-02-08,1995-02-08 11:01:00,Earth,16.3037277839,58693.4200219309,Near Earth asteroid orbits which cross the Earth’s orbit similar to that of 1862 Apollo,3837976,(2019 BR1),978.2236670321817,3.538362942801758e-05
192,1,242.4124811008,542.0507863358,1995-02-09,1995-02-09 01:19:00,Earth,14.9377142983,53775.771473867,Near Earth asteroid orbits which cross the Earth’s orbit similar to that of 1862 Apollo,3381448,(2007 PV27),896.2628578977833,4.254047922899074e-05
193,0,5.3034072332,11.8587790858,1995-02-09,1995-02-09 22:14:00,Earth,6.2443682031,22479.7255313062,Near Earth asteroid orbits which cross the Earth’s orbit similar to that of 1862 Apollo,3550089,(2010 UY7),374.6620921884367,9.306842792183331e-07
194,0,183.8886720703,411.1875710413,1995-02-09,1995-02-09 16:32:00,Earth,13.2817427849,47814.2740256807,Near Earth asteroid orbits similar to that of 2062 Aten,3309829,(2005 YL128),796.9045670946783,3.227025357410924e-05
195,0,16.0160337979,35.8129403019,1995-02-09,1995-02-09 15:11:00,Earth,24.8346139002,89404.6100407693,Near Earth asteroid orbits which cross the Earth’s orbit similar to that of 1862 Apollo,3837987,(2019 BO2),1490.0768340128218,2.810621590166379e-06
196,0,48.3676488219,108.1533506775,1995-02-06,1995-02-06 16:14:00,Earth,7.5248159935,27089.3375767437,Near Earth asteroid orbits similar to that of 1221 Amor,3560054,(2011 FK1),451.488959612395,8.487941506631611e-06
197,0,46.1907460282,103.2856480504,1995-02-06,1995-02-06 18:54:00,Earth,21.7373225662,78254.3612381832,Near Earth asteroid orbits similar to that of 1221 Amor,3684006,(2014 QV296),1304.23935396972,8.105921209417674e-06
198,1,350.3926411083,783.5017643338,1995-02-06,1995-02-06 00:09:00,Earth,16.1419653325,58111.0751970367,An asteroid orbit contained entirely within the orbit of the Eart,2413260,413260 (2003 TL4),968.5179199506116,6.148970054416889e-05
199,0,3.0517923259,6.824015094,1995-02-06,1995-02-06 23:53:00,Earth,6.5666597054,23639.9749394382,Near Earth asteroid orbits similar to that of 1221 Amor,3831614,(2018 TM3),393.99958232397,5.355529033118819e-07
200,0,48.3676488219,108.1533506775,1995-02-07,1995-02-07 19:37:00,Earth,2.6374923873,9494.9725943107,An asteroid orbit contained entirely within the orbit of the Eart,3438964,(2008 VA15),158.24954323851168,8.487941506631611e-06
201,1,139.4938229344,311.9176705226,1995-02-07,1995-02-07 05:16:00,Earth,32.12017274,115632.6218639942,Near Earth asteroid orbits similar to that of 1221 Amor,3838082,(2019 BF5),1927.2103643999037,2.447949070182075e-05
202,1,221.0828103591,494.3561926196,1995-02-07,1995-02-07 11:13:00,Earth,16.1459712276,58125.4964194507,Near Earth asteroid orbits similar to that of 2062 Aten,3422140,(2008 OS7),968.7582736575116,3.8797378168231045e-05
203,0,253.8370293645,567.5968528656,1995-02-07,1995-02-07 10:10:00,Earth,30.1020291698,108367.305011348,Near Earth asteroid orbits similar to that of 1221 Amor,3507181,(2010 CT),1806.1217501891333,4.454535024843824e-05
204,0,105.8168859331,236.6137501138,1995-02-07,1995-02-07 06:22:00,Earth,5.2364151536,18851.0945531114,Near Earth asteroid orbits similar to that of 1221 Amor,3724111,(2015 NA14),314.18490921852333,1.8569592694537747e-05
205,0,253.8370293645,567.5968528656,1995-02-11,1995-02-11 13:15:00,Earth,10.4274035158,37538.6526569696,Near Earth asteroid orbits similar to that of 2062 Aten,3398650,(2007 YO56),625.6442109494933,4.454535024843824e-05
206,1,201.6299194428,450.8582061718,1995-02-11,1995-02-11 08:00:00,Earth,29.681640603,106853.9061708626,Near Earth asteroid orbits similar to that of 2062 Aten,3734189,(2015 VO66),1780.8984361810433,3.538362942801758e-05
207,1,211.1324447897,472.1064988055,1995-02-11,1995-02-11 19:34:00,Earth,29.6821345454,106855.6843635937,Near Earth asteroid orbits similar to that of 2062 Aten,2512234,512234 (2015 VO66),1780.9280727265616,3.7051208507730336e-05
208,0,18.388867207,41.1187571041,1995-02-11,1995-02-11 09:56:00,Earth,23.8783896507,85962.20274257,Near Earth asteroid orbits which cross the Earth’s orbit similar to that of 1862 Apollo,3829436,(2018 RB6),1432.7033790428334,3.22702535740857e-06
209,0,8.4053340207,18.7948982439,1995-02-11,1995-02-11 05:36:00,Earth,10.5302108604,37908.7590974166,Near Earth asteroid orbits which cross the Earth’s orbit similar to that of 1862 Apollo,3838779,(2019 CQ5),631.81265162361,1.4750351784570712e-06
210,0,101.054341542,225.9643771094,1995-02-12,1995-02-12 05:03:00,Earth,13.9092558468,50073.321048304,An asteroid orbit contained entirely within the orbit of the Eart,3781463,(2017 RV15),834.5553508050667,1.7733823348720767e-05
211,0,40.2304579834,89.9580388169,1995-02-12,1995-02-12 22:12:00,Earth,15.4199862136,55511.9503688952,An asteroid orbit contained entirely within the orbit of the Eart,3182823,(2004 KG1),925.19917281492,7.059962236454245e-06
212,0,13.9493822934,31.1917670523,1995-02-10,1995-02-10 07:44:00,Earth,23.1366523178,83291.9483439346,Near Earth asteroid orbits similar to that of 1221 Amor,3798998,(2018 CH),1388.1991390655764,2.447949070185214e-06
213,1,253.8370293645,567.5968528656,1995-02-10,1995-02-10 18:12:00,Earth,18.8377199661,67815.791878,An asteroid orbit contained entirely within the orbit of the Eart,2154275,154275 (2002 SR41),1130.263197966667,4.454535024843824e-05
214,0,48.3676488219,108.1533506775,1995-02-10,1995-02-10 19:38:00,Earth,7.2711243501,26176.0476603888,Near Earth asteroid orbits which cross the Earth’s orbit similar to that of 1862 Apollo,3289746,(2005 RK3),436.26746100648,8.487941506631611e-06
215,0,18.388867207,41.1187571041,1995-02-19,1995-02-19 20:34:00,Earth,16.549422586,59577.921309591,An asteroid orbit contained entirely within the orbit of the Eart,3770329,(2017 EM),992.96535515985,3.22702535740857e-06
216,0,10.1054341542,22.5964377109,1995-02-19,1995-02-19 17:47:00,Earth,2.8293700894,10185.7323219304,Near Earth asteroid orbits similar to that of 1221 Amor,3799712,(2018 DT),169.76220536550667,1.7733823348689373e-06
217,0,101.054341542,225.9643771094,1995-02-19,1995-02-19 14:41:00,Earth,28.5520254067,102787.2914641726,Near Earth asteroid orbits which cross the Earth’s orbit similar to that of 1862 Apollo,3557485,(2011 CX46),1713.1215244028765,1.7733823348720767e-05
218,0,555.334911581,1241.766612574,1995-02-17,1995-02-17 03:09:00,Earth,15.6006738164,56162.425739076,Near Earth asteroid orbits similar to that of 2062 Aten,2275792,275792 (2001 QH142),936.0404289846,9.745460779893265e-05
219,1,305.1792325939,682.4015094011,1995-02-17,1995-02-17 21:03:00,Earth,19.7511350029,71104.0860104116,Near Earth asteroid orbits similar to that of 2062 Aten,3422250,(2008 OP8),1185.0681001735268,5.355529033127452e-05
220,0,12.7219878539,28.4472296503,1995-02-17,1995-02-17 08:54:00,Earth,2.3445187289,8440.2674240647,Near Earth asteroid orbits similar to that of 2062 Aten,3648878,(2013 TG6),140.67112373441165,2.2325560861952595e-06
221,0,127.2198785394,284.4722965033,1995-02-17,1995-02-17 13:41:00,Earth,9.9943074343,35979.5067635619,Near Earth asteroid orbits similar to that of 2062 Aten,3773659,(2017 FQ128),599.658446059365,2.2325560861976142e-05
222,0,637.6097898754,1425.7388332807,1995-02-17,1995-02-17 19:57:00,Earth,17.4552791428,62839.0049140109,Near Earth asteroid orbits similar to that of 1221 Amor,2085953,85953 (1999 FK21),1047.3167485668482,0.0001118928608758986
223,0,146.0679642714,326.6178974458,1995-02-17,1995-02-17 21:01:00,Earth,31.0132588114,111647.7317211876,Near Earth asteroid orbits similar to that of 1221 Amor,3403074,(2008 CC175),1860.79552868646,2.563317355562706e-05
224,0,133.2155666981,297.8790627982,1995-02-17,1995-02-17 10:53:00,Earth,10.6494801248,38338.1284491947,Near Earth asteroid orbits similar to that of 2062 Aten,3451019,(2009 EF3),638.9688074865784,2.337773212982263e-05
225,0,175.6123184804,392.6810818086,1995-02-18,1995-02-18 20:13:00,Earth,6.1085229744,21990.6827079513,Near Earth asteroid orbits which cross the Earth’s orbit similar to that of 1862 Apollo,3766092,(2016 YE3),366.511378465855,3.0817852912305764e-05
226,0,92.1626548503,206.0819612321,1995-02-18,1995-02-18 15:01:00,Earth,11.2173481564,40382.4533630756,An asteroid orbit contained entirely within the orbit of the Eart,3703545,(2015 AJ44),673.0408893845932,1.6173439117257888e-05
227,0,19.2555078188,43.0566244241,1995-02-18,1995-02-18 07:59:00,Earth,9.0552146724,32598.7728207093,Near Earth asteroid orbits similar to that of 2062 Aten,3776085,(2017 MA5),543.312880345155,3.379110377028724e-06
228,0,29.1443904535,65.1688382168,1995-02-18,1995-02-18 16:05:00,Earth,7.5756500407,27272.340146549,Near Earth asteroid orbits similar to that of 1221 Amor,3843636,(2019 QZ3),454.5390024424833,5.114490520860148e-06
229,0,7.3207398935,16.3696720474,1995-02-15,1995-02-15 09:40:00,Earth,23.4100298231,84276.1073632331,Near Earth asteroid orbits which cross the Earth’s orbit similar to that of 1862 Apollo,3647013,(2013 QP48),1404.6017893872183,1.2847019343431174e-06
230,0,242.4124811008,542.0507863358,1995-02-15,1995-02-15 02:13:00,Earth,3.089003928,11120.4141406276,Near Earth asteroid orbits which cross the Earth’s orbit similar to that of 1862 Apollo,3314405,(2006 BX139),185.34023567712663,4.254047922899074e-05
231,0,76.6575573531,171.4115092306,1995-02-15,1995-02-15 01:46:00,Earth,7.919524047,28510.2865690244,Near Earth asteroid orbits which cross the Earth’s orbit similar to that of 1862 Apollo,3702321,(2014 YF),475.1714428170733,1.345248071186627e-05
232,0,201.6299194428,450.8582061718,1995-02-15,1995-02-15 22:36:00,Earth,2.1643758564,7791.7530829515,Near Earth asteroid orbits which cross the Earth’s orbit similar to that of 1862 Apollo,3447920,(2009 DF1),129.862551382525,3.538362942801758e-05
233,0,167.7084621628,375.0075217981,1995-02-15,1995-02-15 02:15:00,Earth,20.0192419611,72069.2710600874,Near Earth asteroid orbits similar to that of 2062 Aten,3426410,(2008 QV11),1201.1545176681234,2.943082104835191e-05
234,0,92.1626548503,206.0819612321,1995-02-15,1995-02-15 18:33:00,Earth,8.5268559444,30696.681399696,An asteroid orbit contained entirely within the orbit of the Eart,3666785,(2014 FP47),511.6113566616,1.6173439117257888e-05
235,0,16.0160337979,35.8129403019,1995-02-15,1995-02-15 06:13:00,Earth,4.6554785934,16759.7229360863,Near Earth asteroid orbits similar to that of 1221 Amor,3719196,(2015 JR1),279.3287156014383,2.810621590166379e-06
236,0,63.7609789875,142.5738833281,1995-02-15,1995-02-15 18:07:00,Earth,7.9199338078,28511.7617082204,Near Earth asteroid orbits which cross the Earth’s orbit similar to that of 1862 Apollo,3610026,(2012 TB53),475.19602847034,1.1189286087592216e-05
237,0,5.4119649666,12.1015215572,1995-02-15,1995-02-15 03:10:00,Earth,19.4732712844,70103.7766238148,Near Earth asteroid orbits which cross the Earth’s orbit similar to that of 1862 Apollo,3989296,(2020 BK13),1168.39627706358,9.497348577303406e-07
238,0,530.3407233187,1185.8779085771,1995-02-16,1995-02-16 18:35:00,Earth,16.7314553517,60233.2392661186,Near Earth asteroid orbits which cross the Earth’s orbit similar to that of 1862 Apollo,2306462,306462 (1999 RC32),1003.8873211019768,9.306842792160571e-05
239,0,46.1907460282,103.2856480504,1995-02-16,1995-02-16 13:12:00,Earth,14.5882415865,52517.6697114198,Near Earth asteroid orbits which cross the Earth’s orbit similar to that of 1862 Apollo,3371672,(2007 FJ1),875.29449519033,8.105921209417674e-06
240,0,139.4938229344,311.9176705226,1995-02-16,1995-02-16 01:05:00,Earth,28.2415483514,101669.5740652034,Near Earth asteroid orbits which cross the Earth’s orbit similar to that of 1862 Apollo,3448109,(2009 DB12),1694.4929010867234,2.447949070182075e-05
241,0,92.1626548503,206.0819612321,1995-02-16,1995-02-16 16:11:00,Earth,16.2996226511,58678.6415438135,Near Earth asteroid orbits similar to that of 1221 Amor,3423827,(2008 PR9),977.9773590635584,1.6173439117257888e-05
242,0,18.388867207,41.1187571041,1995-02-16,1995-02-16 21:47:00,Earth,10.4619265877,37662.9357158986,Near Earth asteroid orbits similar to that of 2062 Aten,3740929,(2016 BW14),627.7155952649767,3.22702535740857e-06
243,0,6.676594135,14.9293183439,1995-02-16,1995-02-16 04:59:00,Earth,5.4687564032,19687.5230515691,Near Earth asteroid orbits similar to that of 1221 Amor,3752430,(2016 HD3),328.1253841928184,1.1716620894600534e-06
244,1,1460.6796427136,3266.1789744576,1995-02-13,1995-02-13 07:58:00,Earth,33.9317110082,122154.1596293958,Near Earth asteroid orbits similar to that of 2062 Aten,2192642,192642 (1999 RD32),2035.90266048993,0.00025633173555623923
245,0,9.0814454086,20.3067292676,1995-02-13,1995-02-13 08:00:00,Earth,13.3856782032,48188.4415313854,Near Earth asteroid orbits similar to that of 2062 Aten,3836139,(2018 VA6),803.1406921897566,1.5936846074085702e-06
246,0,12.7219878539,28.4472296503,1995-02-13,1995-02-13 23:47:00,Earth,17.8763553959,64354.8794253732,Near Earth asteroid orbits similar to that of 2062 Aten,3799861,(2018 EZ2),1072.58132375622,2.2325560861952595e-06
247,0,8.4053340207,18.7948982439,1995-02-13,1995-02-13 20:20:00,Earth,13.4666716675,48480.018002933,Near Earth asteroid orbits similar to that of 1221 Amor,3836049,(2018 VX1),808.0003000488833,1.4750351784570712e-06
248,0,14.6067964271,32.6617897446,1995-02-13,1995-02-13 01:14:00,Earth,17.715238164,63774.8573904191,Near Earth asteroid orbits which cross the Earth’s orbit similar to that of 1862 Apollo,3798979,(2018 BR6),1062.9142898403184,2.563317355564276e-06
249,0,20.1629919443,45.0858206172,1995-02-13,1995-02-13 16:36:00,Earth,13.4239826447,48326.3375207753,Near Earth asteroid orbits which cross the Earth’s orbit similar to that of 1862 Apollo,3776011,(2017 MZ2),805.4389586795883,3.5383629428033272e-06
250,0,27.8326768072,62.2357573367,1995-02-14,1995-02-14 01:53:00,Earth,8.4443752677,30399.7509636371,Near Earth asteroid orbits similar to that of 2062 Aten,3402249,(2008 CK70),506.6625160606183,4.884300528700361e-06
251,0,384.1978910643,859.0926012318,1995-02-14,1995-02-14 00:23:00,Earth,16.820418964,60553.5082703158,Near Earth asteroid orbits which cross the Earth’s orbit similar to that of 1862 Apollo,2162015,162015 (1994 TF2),1009.2251378385968,6.742211593406059e-05
252,0,96.5061469579,215.7943048444,1995-02-14,1995-02-14 20:01:00,Earth,11.2628643232,40546.3115634109,Near Earth asteroid orbits similar to that of 1221 Amor,3843369,(2019 OS1),675.7718593901816,1.69356698198399e-05
253,0,53.0340723319,118.5877908577,1995-02-14,1995-02-14 08:40:00,Earth,20.4659421992,73677.3919169638,An asteroid orbit contained entirely within the orbit of the Eart,3892166,(2019 UP13),1227.9565319493963,9.306842792159787e-06
254,0,50.6471458835,113.2504610618,1995-02-26,1995-02-26 10:32:00,Earth,14.1517345446,50946.244360511,An asteroid orbit contained entirely within the orbit of the Eart,3757202,(2016 PP27),849.1040726751834,8.887965865782451e-06
255,0,30.5179232594,68.2401509401,1995-02-26,1995-02-26 23:49:00,Earth,11.5355023458,41527.8084448228,Near Earth asteroid orbits which cross the Earth’s orbit similar to that of 1862 Apollo,3799683,(2018 DC),692.1301407470467,5.355529033126667e-06
256,0,242.4124811008,542.0507863358,1995-02-26,1995-02-26 06:20:00,Earth,7.3360990579,26409.9566083647,Near Earth asteroid orbits similar to that of 1221 Amor,2334412,334412 (2002 EZ2),440.165943472745,4.254047922899074e-05
257,0,291.4439045349,651.6883821679,1995-02-26,1995-02-26 05:33:00,Earth,16.0048924285,57617.612742524,An asteroid orbit contained entirely within the orbit of the Eart,2340291,340291 (2006 CV),960.2935457087332,5.114490520859363e-05
258,1,171.0625637514,382.5075209536,1995-02-26,1995-02-26 03:06:00,Earth,16.0719798098,57859.1273154496,Near Earth asteroid orbits which cross the Earth’s orbit similar to that of 1862 Apollo,3989242,(2020 BN10),964.3187885908268,3.0019425596735207e-05
259,0,581.5070396458,1300.2892700427,1995-02-24,1995-02-24 16:10:00,Earth,10.6718263642,38418.5749110826,Near Earth asteroid orbits similar to that of 1221 Amor,3766034,(2016 XQ23),640.3095818513767,0.00010204750196536651
260,0,5.5533491158,12.4176661257,1995-02-24,1995-02-24 15:04:00,Earth,12.2801695833,44208.6104999563,Near Earth asteroid orbits which cross the Earth’s orbit similar to that of 1862 Apollo,3627010,(2013 CL129),736.8101749992717,9.745460779861874e-07
261,0,63.7609789875,142.5738833281,1995-02-24,1995-02-24 18:46:00,Earth,29.9575051775,107847.0186391105,Near Earth asteroid orbits similar to that of 2062 Aten,3031176,(2000 EB14),1797.4503106518416,1.1189286087592216e-05
262,0,44.9940386047,100.6097289024,1995-02-24,1995-02-24 05:09:00,Earth,3.6067025449,12984.1291616758,Near Earth asteroid orbits similar to that of 2062 Aten,3989653,(2020 CJ1),216.40215269459668,7.895913428221629e-06
263,0,146.0679642714,326.6178974458,1995-02-25,1995-02-25 01:37:00,Earth,17.1644285178,61791.9426639731,An asteroid orbit contained entirely within the orbit of the Eart,3599543,(2012 DQ8),1029.8657110662184,2.563317355562706e-05
264,0,15.2951935344,34.201092472,1995-02-25,1995-02-25 11:14:00,Earth,4.7740040353,17186.4145271212,Near Earth asteroid orbits similar to that of 1221 Amor,3736504,(2015 XN261),286.4402421186867,2.6841227807251605e-06
265,0,38.4197891064,85.9092601232,1995-02-25,1995-02-25 00:26:00,Earth,4.3442246652,15639.2087947834,An asteroid orbit contained entirely within the orbit of the Eart,3771019,(2017 ED3),260.6534799130567,6.7422115934076274e-06
266,0,63.7609789875,142.5738833281,1995-02-25,1995-02-25 18:50:00,Earth,15.6983661426,56514.118113464,Near Earth asteroid orbits which cross the Earth’s orbit similar to that of 1862 Apollo,3843177,(2019 NW3),941.9019685577332,1.1189286087592216e-05
267,0,20.7469842192,46.3916670422,1995-02-25,1995-02-25 12:08:00,Earth,9.8624570411,35504.8453480715,Near Earth asteroid orbits similar to that of 2062 Aten,3986764,(2020 BM1),591.7474224678584,3.640846573708994e-06
268,1,146.0679642714,326.6178974458,1995-02-22,1995-02-22 07:01:00,Earth,19.2231654576,69203.395647432,Near Earth asteroid orbits which cross the Earth’s orbit similar to that of 1862 Apollo,3646046,(2013 QU1),1153.3899274572,2.563317355562706e-05
269,0,11.0803882126,24.7765012606,1995-02-22,1995-02-22 06:32:00,Earth,7.1641480595,25790.9330143395,Near Earth asteroid orbits similar to that of 1221 Amor,3780693,(2017 PZ26),429.84888357232495,1.9444750636163868e-06
270,0,19.2555078188,43.0566244241,1995-02-22,1995-02-22 16:00:00,Earth,3.559962966,12815.8666774639,Near Earth asteroid orbits similar to that of 1221 Amor,3840126,(2018 PM28),213.5977779577317,3.379110377028724e-06
271,1,121.4940407996,271.6689340891,1995-02-22,1995-02-22 11:34:00,Earth,28.4189571094,102308.2455937979,Near Earth asteroid orbits which cross the Earth’s orbit similar to that of 1862 Apollo,3005973,(1995 CR),1705.1374265632985,2.1320745101954165e-05
272,0,44.1118199997,98.6370281305,1995-02-22,1995-02-22 13:38:00,Earth,17.5649076529,63233.6675505206,An asteroid orbit contained entirely within the orbit of the Eart,3348144,(2006 TL),1053.8944591753434,7.741094657863757e-06
273,0,44.1118199997,98.6370281305,1995-02-22,1995-02-22 06:00:00,Earth,10.5515197723,37985.4711801058,Near Earth asteroid orbits which cross the Earth’s orbit similar to that of 1862 Apollo,3660308,(2014 BR57),633.0911863350967,7.741094657863757e-06
274,1,802.7031672829,1794.8988477988,1995-02-23,1995-02-23 06:22:00,Earth,10.0294124178,36105.8847039331,Near Earth asteroid orbits which cross the Earth’s orbit similar to that of 1862 Apollo,2200840,200840 (2001 XN254),601.7647450655517,0.0001408647659550149
275,0,4.6190746028,10.328564805,1995-02-23,1995-02-23 18:52:00,Earth,10.6105246542,38197.8887550016,Near Earth asteroid orbits similar to that of 1221 Amor,3726012,(2015 PS228),636.6314792500267,8.10592120938628e-07
276,0,53.0340723319,118.5877908577,1995-02-23,1995-02-23 08:07:00,Earth,20.7028686255,74530.3270516308,An asteroid orbit contained entirely within the orbit of the Eart,3664086,(2014 EC49),1242.17211752718,9.306842792159787e-06
277,1,160.1603379786,358.1294030194,1995-02-23,1995-02-23 18:22:00,Earth,17.947262088,64610.143516674,Near Earth asteroid orbits similar to that of 1221 Amor,2216985,216985 (2000 QK130),1076.8357252779,2.810621590169518e-05
278,0,699.1252322458,1563.2915440869,1995-02-23,1995-02-23 15:11:00,Earth,37.6101691531,135396.6089510848,Near Earth asteroid orbits which cross the Earth’s orbit similar to that of 1862 Apollo,2455594,455594 (2004 SV55),2256.6101491847467,0.0001226880822545048
279,0,291.4439045349,651.6883821679,1995-02-23,1995-02-23 00:11:00,Earth,28.810387646,103717.395525622,Near Earth asteroid orbits similar to that of 2062 Aten,3404525,(2008 EJ),1728.6232587603668,5.114490520859363e-05
280,0,11.6025908209,25.9441817907,1995-02-23,1995-02-23 15:05:00,Earth,14.9956368105,53984.292517769,An asteroid orbit contained entirely within the orbit of the Eart,3799830,(2018 ES1),899.7382086294833,2.0361153500784804e-06
281,0,265.8,594.3468684194,1995-02-23,1995-02-23 21:25:00,Earth,27.9375247264,100575.0890150731,Near Earth asteroid orbits similar to that of 1221 Amor,3627116,(2013 DM1),1676.2514835845516,4.664470792806467e-05
282,0,26.58,59.4346868419,1995-02-20,1995-02-20 22:41:00,Earth,0.681436673,2453.1720226433,Near Earth asteroid orbits which cross the Earth’s orbit similar to that of 1862 Apollo,3781977,(2017 SV19),40.886200377388334,4.664470792803328e-06
283,0,80.2703167283,179.4898847799,1995-02-20,1995-02-20 22:25:00,Earth,18.0944504784,65140.0217221424,Near Earth asteroid orbits similar to that of 1221 Amor,3264547,(2004 YA5),1085.6670287023733,1.408647659550306e-05
284,0,146.0679642714,326.6178974458,1995-02-20,1995-02-20 01:08:00,Earth,17.3399436264,62423.7970551548,Near Earth asteroid orbits similar to that of 2062 Aten,3368184,(2007 CA27),1040.3966175859134,2.563317355562706e-05
285,0,30.5179232594,68.2401509401,1995-02-20,1995-02-20 18:14:00,Earth,13.4359250562,48369.330202288,Near Earth asteroid orbits which cross the Earth’s orbit similar to that of 1862 Apollo,3625940,(2013 CL22),806.1555033714667,5.355529033126667e-06
286,1,366.9061375314,820.4270648822,1995-02-20,1995-02-20 13:12:00,Earth,21.7309566082,78231.4437895517,Near Earth asteroid orbits similar to that of 1221 Amor,3744785,(2016 CL264),1303.8573964925283,6.438762085090253e-05
287,1,384.1978910643,859.0926012318,1995-02-20,1995-02-20 09:39:00,Earth,18.8746964548,67948.9072373912,Near Earth asteroid orbits similar to that of 2062 Aten,2152685,152685 (1998 MZ),1132.4817872898534,6.742211593406059e-05
288,0,530.3407233187,1185.8779085771,1995-02-20,1995-02-20 09:36:00,Earth,21.8388396327,78619.8226778388,Near Earth asteroid orbits similar to that of 1221 Amor,2326386,326386 (2001 OA14),1310.33037796398,9.306842792160571e-05
289,1,146.0679642714,326.6178974458,1995-02-20,1995-02-20 06:47:00,Earth,18.2886298538,65839.0674735529,Near Earth asteroid orbits similar to that of 2062 Aten,3638380,(2013 JL22),1097.3177912258818,2.563317355562706e-05
290,0,146.0679642714,326.6178974458,1995-02-20,1995-02-20 01:08:00,Earth,17.3399435263,62423.7966946249,An asteroid orbit contained entirely within the orbit of the Eart,2526826,526826 (2007 CA27),1040.3966115770816,2.563317355562706e-05
291,1,211.1324447897,472.1064988055,1995-02-21,1995-02-21 04:07:00,Earth,6.5617579266,23622.3285357672,Near Earth asteroid orbits which cross the Earth’s orbit similar to that of 1862 Apollo,2303450,303450 (2005 BY2),393.70547559612,3.7051208507730336e-05
292,0,24.2412481101,54.2050786336,1995-02-21,1995-02-21 15:03:00,Earth,10.5124589424,37844.8521924812,Near Earth asteroid orbits similar to that of 1221 Amor,3596492,(2012 BV61),630.7475365413534,4.254047922900644e-06
293,0,80.2703167283,179.4898847799,1995-02-21,1995-02-21 21:43:00,Earth,5.279469911,19006.0916796957,An asteroid orbit contained entirely within the orbit of the Eart,3743607,(2016 CV193),316.768194661595,1.408647659550306e-05
294,0,8.4053340207,18.7948982439,1995-02-21,1995-02-21 22:16:00,Earth,5.439276664,19581.3959904839,Near Earth asteroid orbits which cross the Earth’s orbit similar to that of 1862 Apollo,3744694,(2016 DH),326.35659984139835,1.4750351784570712e-06
295,0,231.5021222103,517.6544821978,1995-02-21,1995-02-21 14:17:00,Earth,24.5854821807,88507.7358504059,Near Earth asteroid orbits similar to that of 1221 Amor,3770349,(2017 EU),1475.1289308400983,4.062584226948673e-05
296,0,483.6764882185,1081.533506775,1995-02-21,1995-02-21 17:29:00,Earth,15.474761059,55709.1398122884,Near Earth asteroid orbits similar to that of 1221 Amor,2311554,311554 (2006 BQ147),928.48566353814,8.487941506631613e-05
297,0,441.1181999969,986.3702813054,1995-02-21,1995-02-21 04:17:00,Earth,16.1803917206,58249.4101939976,Near Earth asteroid orbits similar to that of 2062 Aten,2267136,267136 (2000 EF104),970.8235032332934,7.741094657866897e-05
298,0,441.1181999969,986.3702813054,1995-02-21,1995-02-21 15:44:00,Earth,15.1061401776,54382.1046394622,Near Earth asteroid orbits which cross the Earth’s orbit similar to that of 1862 Apollo,3360486,(2006 WE4),906.3684106577034,7.741094657866897e-05
299,0,160.1603379786,358.1294030194,1995-02-21,1995-02-21 12:08:00,Earth,20.3431731991,73235.4235168198,An asteroid orbit contained entirely within the orbit of the Eart,3656919,(2014 BG3),1220.5903919469968,2.810621590169518e-05
300,0,421.2646105562,941.9763057186,1995-02-21,1995-02-21 12:54:00,Earth,29.7324258494,107036.7330578476,Near Earth asteroid orbits similar to that of 2062 Aten,3803762,(2018 GY4),1783.9455509641266,7.39268800595354e-05
